"Guid","AccountSource","AnnualRevenue","BillingCity","BillingCountry","BillingGeocodeAccuracy","BillingLatitude","BillingLongitude","BillingPostalCode","BillingState","BillingStreet","Description","Fax","Industry","Jigsaw","Name","NumberOfEmployees","ParentId","Phone","SBQQ__AssetQuantitiesCombined__c","SBQQ__CoTermedContractsCombined__c","SBQQ__CoTerminationEvent__c","SBQQ__ContractCoTermination__c","SBQQ__DefaultOpportunity__c","SBQQ__IgnoreParentContractedPrices__c","SBQQ__PreserveBundle__c","SBQQ__PriceHoldEnd__c","SBQQ__RenewalModel__c","SBQQ__RenewalPricingMethod__c","SBQQ__TaxExempt__c","ShippingCity","ShippingCountry","ShippingGeocodeAccuracy","ShippingLatitude","ShippingLongitude","ShippingPostalCode","ShippingState","ShippingStreet","SicDesc","Type","Website","test_extra__c","test_field_10__c","test_field_11__c","test_field_12__c","test_field_13__c","test_field_14__c","test_field_15__c","test_field_16__c","test_field_17__c","test_field_3__c","test_field_4__c","test_field_5__c","test_field_6__c","test_field_7__c","test_field_8__c","test_field_9__c","test_field__c"
0094ceb6-1a96-46fc-bb37-cf7c4c2f7c03,"#N/A",3.0E7,Mountain View,"#N/A","#N/A","#N/A","#N/A","#N/A",CA,"345 Shoreline Park
Mountain View, CA 94043
USA",Genomics company engaged in mapping and sequencing of the human genome and developing gene-based drugs,(650) 867-9895,Biotechnology,"#N/A",GenePoint,265,"#N/A",(650) 867-3450,false,false,"#N/A",Never,"#N/A",false,true,"#N/A",Contract Based,Same,No,"#N/A","#N/A","#N/A","#N/A","#N/A","#N/A","#N/A","345 Shoreline Park
Mountain View, CA 94043
USA","#N/A",Customer - Channel,www.genepoint.com,"#N/A","#N/A","#N/A","#N/A","#N/A",false,false,"#N/A","#N/A","#N/A","#N/A","#N/A","#N/A","#N/A","#N/A","#N/A","#N/A"
03f8abc9-dfc6-466e-84b4-5562cf67fea3,"#N/A","#N/A","#N/A","#N/A","#N/A","#N/A","#N/A","#N/A","#N/A","#N/A","#N/A","#N/A","#N/A","#N/A","","#N/A","#N/A","#N/A",false,false,"#N/A",Never,"#N/A",false,true,"#N/A","#N/A",Same,No,"#N/A","#N/A","#N/A","#N/A","#N/A","#N/A","#N/A","#N/A","#N/A","#N/A","#N/A","#N/A","#N/A","#N/A","#N/A","#N/A",false,false,"#N/A","#N/A","#N/A","#N/A","#N/A","#N/A","#N/A","#N/A","#N/A","#N/A"
053f9c2e-05fd-4bc6-bf14-c909d8453411,"#N/A","#N/A","#N/A","#N/A","#N/A","#N/A","#N/A","#N/A","#N/A","#N/A","#N/A","#N/A","#N/A","#N/A",TA 10,"#N/A","#N/A","#N/A",false,false,"#N/A",Never,"#N/A",false,true,"#N/A","#N/A",Same,No,"#N/A","#N/A","#N/A","#N/A","#N/A","#N/A","#N/A","#N/A","#N/A","#N/A","#N/A","#N/A","#N/A","#N/A","#N/A","#N/A",false,false,"#N/A","#N/A","#N/A","#N/A","#N/A","#N/A","#N/A","#N/A","#N/A","#N/A"
0603ccc6-c59e-487e-a626-439f31f70090,"#N/A","#N/A","#N/A","#N/A","#N/A","#N/A","#N/A","#N/A","#N/A","#N/A","#N/A","#N/A","#N/A","#N/A",Global Treasures & Mapping Company,"#N/A","#N/A","#N/A",false,false,"#N/A",Never,"#N/A",false,true,"#N/A","#N/A",Same,No,"#N/A","#N/A","#N/A","#N/A","#N/A","#N/A","#N/A","#N/A","#N/A","#N/A","#N/A","#N/A","#N/A","#N/A","#N/A","#N/A",false,false,"#N/A","#N/A","#N/A","#N/A","#N/A","#N/A","#N/A","#N/A","#N/A","#N/A"
066e51ec-8be5-4a3c-81a9-974f5eb01988,"#N/A","#N/A","#N/A","#N/A","#N/A","#N/A","#N/A","#N/A","#N/A","#N/A","#N/A","#N/A","#N/A","#N/A",12.8 VEID Test,"#N/A","#N/A","#N/A",false,false,"#N/A",Never,"#N/A",false,true,"#N/A",Contract Based,Same,No,"#N/A","#N/A","#N/A","#N/A","#N/A","#N/A","#N/A","#N/A","#N/A","#N/A","#N/A","#N/A","#N/A","#N/A","#N/A","#N/A",false,false,"#N/A","#N/A","#N/A","#N/A","#N/A","#N/A","#N/A","#N/A","#N/A","#N/A"
07470294-d3c3-4dfb-be00-0078f143209b,"#N/A","#N/A","#N/A","#N/A","#N/A","#N/A","#N/A","#N/A","#N/A","#N/A","#N/A","#N/A","#N/A","#N/A",TA 0,"#N/A","#N/A","#N/A",false,false,"#N/A",Never,"#N/A",false,true,"#N/A","#N/A",Same,No,"#N/A","#N/A","#N/A","#N/A","#N/A","#N/A","#N/A","#N/A","#N/A","#N/A","#N/A","#N/A","#N/A","#N/A","#N/A","#N/A",false,false,"#N/A","#N/A","#N/A","#N/A","#N/A","#N/A","#N/A","#N/A","#N/A","#N/A"
08ab360e-26a5-407f-97ae-ef015d5eaa97,"#N/A","#N/A","#N/A","#N/A","#N/A","#N/A","#N/A","#N/A","#N/A","#N/A","#N/A","#N/A","#N/A","#N/A",TA 10,"#N/A","#N/A","#N/A",false,false,"#N/A",Never,"#N/A",false,true,"#N/A","#N/A",Same,No,"#N/A","#N/A","#N/A","#N/A","#N/A","#N/A","#N/A","#N/A","#N/A","#N/A","#N/A","#N/A","#N/A","#N/A","#N/A","#N/A",false,false,"#N/A","#N/A","#N/A","#N/A","#N/A","#N/A","#N/A","#N/A","#N/A","#N/A"
094133f3-86a4-4bd4-8f6e-6bc2856488de,"#N/A","#N/A","#N/A","#N/A","#N/A","#N/A","#N/A","#N/A","#N/A","#N/A",hi,"#N/A","#N/A","#N/A",Test account new1,"#N/A","#N/A","#N/A",false,false,"#N/A",Never,"#N/A",false,true,"#N/A","#N/A",Same,No,"#N/A","#N/A","#N/A","#N/A","#N/A","#N/A","#N/A","#N/A","#N/A","#N/A","#N/A","#N/A","#N/A","#N/A","#N/A","#N/A",false,false,"#N/A","#N/A","#N/A","#N/A","#N/A","#N/A","#N/A","#N/A","#N/A","#N/A"
0b3b3f6c-da25-4be8-928d-c8b3fc0a1b06,"#N/A","#N/A","#N/A","#N/A","#N/A","#N/A","#N/A","#N/A","#N/A","#N/A","#N/A","#N/A",Banking,"#N/A",Account_EZbgh,117,"#N/A",4147347462,false,false,"#N/A",Never,"#N/A",false,true,"#N/A",Contract Based,Same,No,"#N/A","#N/A","#N/A","#N/A","#N/A","#N/A","#N/A","#N/A","#N/A","#N/A",cadly.salesforce.com,"#N/A","#N/A","#N/A","#N/A","#N/A",false,false,"#N/A","#N/A","#N/A","#N/A","#N/A","#N/A","#N/A","#N/A","#N/A","#N/A"
0deab488-5d48-4811-a48d-bac68fb3a5d5,"#N/A","#N/A","#N/A","#N/A","#N/A","#N/A","#N/A","#N/A","#N/A","#N/A","#N/A","#N/A","#N/A","#N/A",TA 10,"#N/A","#N/A","#N/A",false,false,"#N/A",Never,"#N/A",false,true,"#N/A","#N/A",Same,No,"#N/A","#N/A","#N/A","#N/A","#N/A","#N/A","#N/A","#N/A","#N/A","#N/A","#N/A","#N/A","#N/A","#N/A","#N/A","#N/A",false,false,"#N/A","#N/A","#N/A","#N/A","#N/A","#N/A","#N/A","#N/A","#N/A","#N/A"
0e006624-7eef-4cf2-b483-84731d6ff892,"#N/A","#N/A","#N/A","#N/A","#N/A","#N/A","#N/A","#N/A","#N/A","#N/A","#N/A","#N/A","#N/A","#N/A",TA 100,"#N/A","#N/A","#N/A",false,false,"#N/A",Never,"#N/A",false,true,"#N/A","#N/A",Same,No,"#N/A","#N/A","#N/A","#N/A","#N/A","#N/A","#N/A","#N/A","#N/A","#N/A","#N/A","#N/A","#N/A","#N/A","#N/A","#N/A",false,false,"#N/A","#N/A","#N/A","#N/A","#N/A","#N/A","#N/A","#N/A","#N/A","#N/A"
0e4ce43b-d667-434b-8833-5cc024420d8b,"#N/A","#N/A","#N/A","#N/A","#N/A","#N/A","#N/A","#N/A","#N/A","#N/A","#N/A","#N/A",Banking,"#N/A",Account_KEHCB,23,"#N/A",7027209479,false,false,"#N/A",Never,"#N/A",false,true,"#N/A",Contract Based,Same,No,"#N/A","#N/A","#N/A","#N/A","#N/A","#N/A","#N/A","#N/A","#N/A","#N/A",hzrvw.salesforce.com,"#N/A","#N/A","#N/A","#N/A","#N/A",false,false,"#N/A","#N/A","#N/A","#N/A","#N/A","#N/A","#N/A","#N/A","#N/A","#N/A"
0f477f84-804a-468b-9429-7f1cce0c7adc,"#N/A","#N/A","#N/A","#N/A","#N/A","#N/A","#N/A","#N/A","#N/A","#N/A","#N/A","#N/A","#N/A","#N/A",TA 27,"#N/A","#N/A","#N/A",false,false,"#N/A",Never,"#N/A",false,true,"#N/A","#N/A",Same,No,"#N/A","#N/A","#N/A","#N/A","#N/A","#N/A","#N/A","#N/A","#N/A","#N/A","#N/A","#N/A","#N/A","#N/A","#N/A","#N/A",false,false,"#N/A","#N/A","#N/A","#N/A","#N/A","#N/A","#N/A","#N/A","#N/A",abcdefghijklmnopqrstuvwxyz
1031e5d1-1bc8-4d1f-8abe-d3726434f9fe,"#N/A","#N/A","#N/A","#N/A","#N/A","#N/A","#N/A","#N/A","#N/A","#N/A","#N/A","#N/A","#N/A","#N/A",TA 10,"#N/A","#N/A","#N/A",false,false,"#N/A",Never,"#N/A",false,true,"#N/A","#N/A",Same,No,"#N/A","#N/A","#N/A","#N/A","#N/A","#N/A","#N/A","#N/A","#N/A","#N/A","#N/A","#N/A","#N/A","#N/A","#N/A","#N/A",false,false,"#N/A","#N/A","#N/A","#N/A","#N/A","#N/A","#N/A","#N/A","#N/A","#N/A"
1186f3b9-22b6-4b1f-993c-c30b9add8204,"#N/A","#N/A","#N/A","#N/A","#N/A","#N/A","#N/A","#N/A","#N/A","#N/A","#N/A","#N/A","#N/A","#N/A",TA 7,"#N/A","#N/A","#N/A",false,false,"#N/A",Never,"#N/A",false,true,"#N/A","#N/A",Same,No,"#N/A","#N/A","#N/A","#N/A","#N/A","#N/A","#N/A","#N/A","#N/A","#N/A","#N/A","#N/A","#N/A","#N/A","#N/A","#N/A",false,false,"#N/A","#N/A","#N/A","#N/A","#N/A","#N/A","#N/A","#N/A","#N/A","#N/A"
1210f643-0a77-46af-9527-5413a80ee8c8,"#N/A","#N/A","#N/A","#N/A","#N/A","#N/A","#N/A","#N/A","#N/A","#N/A","#N/A","#N/A","#N/A","#N/A",TA 1,"#N/A","#N/A","#N/A",false,false,"#N/A",Never,"#N/A",false,true,"#N/A","#N/A",Same,No,"#N/A","#N/A","#N/A","#N/A","#N/A","#N/A","#N/A","#N/A","#N/A","#N/A","#N/A","#N/A","#N/A","#N/A","#N/A","#N/A",false,false,"#N/A","#N/A","#N/A","#N/A","#N/A","#N/A","#N/A","#N/A","#N/A","#N/A"
126ed409-30b7-4437-96ab-b0364e9fdd33,"#N/A","#N/A","#N/A","#N/A","#N/A","#N/A","#N/A","#N/A","#N/A","#N/A","#N/A","#N/A","#N/A","#N/A",TA 1,"#N/A","#N/A","#N/A",false,false,"#N/A",Never,"#N/A",false,true,"#N/A","#N/A",Same,No,"#N/A","#N/A","#N/A","#N/A","#N/A","#N/A","#N/A","#N/A","#N/A","#N/A","#N/A","#N/A","#N/A","#N/A","#N/A","#N/A",false,false,"#N/A","#N/A","#N/A","#N/A","#N/A","#N/A","#N/A","#N/A","#N/A","#N/A"
13d5f05f-f077-47c5-a03f-78182b6e8d68,"#N/A","#N/A","#N/A","#N/A","#N/A","#N/A","#N/A","#N/A","#N/A","#N/A","#N/A","#N/A","#N/A","#N/A",TA 30,"#N/A","#N/A","#N/A",false,false,"#N/A",Never,"#N/A",false,true,"#N/A","#N/A",Same,No,"#N/A","#N/A","#N/A","#N/A","#N/A","#N/A","#N/A","#N/A","#N/A","#N/A","#N/A","#N/A","#N/A","#N/A","#N/A","#N/A",false,false,"#N/A","#N/A","#N/A","#N/A","#N/A","#N/A","#N/A","#N/A","#N/A","#N/A"
16690d18-7eb9-4dc9-921d-e1c807292f52,"#N/A","#N/A","#N/A","#N/A","#N/A","#N/A","#N/A","#N/A","#N/A","#N/A","#N/A","#N/A",Banking,"#N/A",Account_HyubU,511,"#N/A",0349634661,false,false,"#N/A",Never,"#N/A",false,true,"#N/A",Contract Based,Same,No,"#N/A","#N/A","#N/A","#N/A","#N/A","#N/A","#N/A","#N/A","#N/A","#N/A",coxsl.salesforce.com,"#N/A","#N/A","#N/A","#N/A","#N/A",false,false,"#N/A","#N/A","#N/A","#N/A","#N/A","#N/A","#N/A","#N/A","#N/A","#N/A"
16b10da2-acb7-4dcb-bc78-fce722767756,"#N/A","#N/A","#N/A","#N/A","#N/A","#N/A","#N/A","#N/A","#N/A","#N/A","#N/A","#N/A","#N/A","#N/A",TA 3,"#N/A","#N/A","#N/A",false,false,"#N/A",Never,"#N/A",false,true,"#N/A","#N/A",Same,No,"#N/A","#N/A","#N/A","#N/A","#N/A","#N/A","#N/A","#N/A","#N/A","#N/A","#N/A","#N/A","#N/A","#N/A","#N/A","#N/A",false,false,"#N/A","#N/A","#N/A","#N/A","#N/A","#N/A","#N/A","#N/A","#N/A","#N/A"
1e1aa152-28f9-4868-9972-91aa067f72db,"#N/A","#N/A","#N/A","#N/A","#N/A","#N/A","#N/A","#N/A","#N/A","#N/A","#N/A","#N/A","#N/A","#N/A",Account update,"#N/A","#N/A","#N/A",false,false,"#N/A",Never,"#N/A",false,true,"#N/A",Contract Based,Same,No,"#N/A","#N/A","#N/A","#N/A","#N/A","#N/A","#N/A","#N/A","#N/A","#N/A","#N/A","#N/A","#N/A","#N/A","#N/A","#N/A",false,false,"#N/A","#N/A","#N/A","#N/A","#N/A","#N/A","#N/A","#N/A","#N/A","#N/A"
1ea09e2f-0b7f-4337-b438-d426529ebe02,"#N/A","#N/A","#N/A","#N/A","#N/A","#N/A","#N/A","#N/A","#N/A","#N/A","#N/A","#N/A","#N/A","#N/A",Account updated Regression,"#N/A","#N/A","#N/A",false,false,"#N/A",Never,"#N/A",false,true,"#N/A","#N/A",Same,No,"#N/A","#N/A","#N/A","#N/A","#N/A","#N/A","#N/A","#N/A","#N/A","#N/A","#N/A","#N/A","#N/A","#N/A","#N/A","#N/A",false,false,"#N/A","#N/A","#N/A","#N/A","#N/A","#N/A","#N/A","#N/A","#N/A","#N/A"
1f74e8f5-a481-4528-8b49-4140268de37f,"#N/A",3.5E8,Burlington,USA,"#N/A","#N/A","#N/A",27215,NC,525 S. Lexington Ave,"#N/A",(336) 222-8000,Apparel,"#N/A",Burlington Textiles Corp of America,9000,"#N/A",(336) 222-7000,false,false,"#N/A",Never,"#N/A",false,true,"#N/A",Contract Based,Same,No,"#N/A","#N/A","#N/A","#N/A","#N/A","#N/A","#N/A","#N/A","#N/A",Customer - Direct,www.burlington.com,"#N/A","#N/A","#N/A","#N/A","#N/A",false,false,"#N/A","#N/A","#N/A","#N/A","#N/A","#N/A","#N/A","#N/A","#N/A","#N/A"
21b6f2c2-6524-43d6-abff-dbed11fe3297,"#N/A","#N/A","#N/A","#N/A","#N/A","#N/A","#N/A","#N/A","#N/A","#N/A","#N/A","#N/A","#N/A","#N/A",Sample Account for Entitlements,"#N/A","#N/A","#N/A",false,false,"#N/A","#N/A","#N/A",false,false,"#N/A","#N/A","#N/A","#N/A","#N/A","#N/A","#N/A","#N/A","#N/A","#N/A","#N/A","#N/A","#N/A","#N/A","#N/A","#N/A","#N/A","#N/A","#N/A","#N/A",false,false,"#N/A","#N/A","#N/A","#N/A","#N/A","#N/A","#N/A","#N/A",abcdefghijklmnopqrstuvwxyz,"#N/A"
21fca139-acf6-4f52-a62f-18f97153f38b,"#N/A","#N/A","#N/A","#N/A","#N/A","#N/A","#N/A","#N/A","#N/A","#N/A","#N/A","#N/A",Banking,"#N/A",Account_DBdzw,884,"#N/A",9829898799,false,false,"#N/A",Never,"#N/A",false,true,"#N/A",Contract Based,Same,No,"#N/A","#N/A","#N/A","#N/A","#N/A","#N/A","#N/A","#N/A","#N/A","#N/A",uuqtd.salesforce.com,"#N/A","#N/A","#N/A","#N/A","#N/A",false,false,"#N/A","#N/A","#N/A","#N/A","#N/A","#N/A","#N/A","#N/A","#N/A","#N/A"
22b230a0-80b6-4669-990c-f3497e321598,"#N/A","#N/A","#N/A","#N/A","#N/A","#N/A","#N/A","#N/A","#N/A","#N/A","#N/A","#N/A",Banking,"#N/A",Account_SalmY,177,"#N/A",8896443569,false,false,"#N/A",Never,"#N/A",false,true,"#N/A",Contract Based,Same,No,"#N/A","#N/A","#N/A","#N/A","#N/A","#N/A","#N/A","#N/A","#N/A","#N/A",oahag.salesforce.com,"#N/A","#N/A","#N/A","#N/A","#N/A",false,false,"#N/A","#N/A","#N/A","#N/A","#N/A","#N/A","#N/A","#N/A","#N/A","#N/A"
25295f11-0dd7-4683-bcca-4ec1890b1de4,"#N/A","#N/A","#N/A","#N/A","#N/A","#N/A","#N/A","#N/A","#N/A","#N/A","#N/A","#N/A","#N/A","#N/A",TA 1,"#N/A","#N/A","#N/A",false,false,"#N/A",Never,"#N/A",false,true,"#N/A","#N/A",Same,No,"#N/A","#N/A","#N/A","#N/A","#N/A","#N/A","#N/A","#N/A","#N/A","#N/A","#N/A","#N/A","#N/A","#N/A","#N/A","#N/A",false,false,"#N/A","#N/A","#N/A","#N/A","#N/A","#N/A","#N/A","#N/A","#N/A","#N/A"
2701ebe2-3ddb-400a-a6dd-66d46667d4de,"#N/A","#N/A","#N/A","#N/A","#N/A","#N/A","#N/A","#N/A","#N/A","#N/A","#N/A","#N/A","#N/A","#N/A",TA 8,"#N/A","#N/A","#N/A",false,false,"#N/A",Never,"#N/A",false,true,"#N/A","#N/A",Same,No,"#N/A","#N/A","#N/A","#N/A","#N/A","#N/A","#N/A","#N/A","#N/A","#N/A","#N/A","#N/A","#N/A","#N/A","#N/A","#N/A",false,false,"#N/A","#N/A","#N/A","#N/A","#N/A","#N/A","#N/A","#N/A","#N/A","#N/A"
27c1edca-f257-492d-8e0b-ac218c327a06,"#N/A","#N/A","#N/A","#N/A","#N/A","#N/A","#N/A","#N/A","#N/A","#N/A","#N/A","#N/A",Banking,"#N/A",Account_EOqHT,345,"#N/A",2797848090,false,false,"#N/A",Never,"#N/A",false,true,"#N/A",Contract Based,Same,No,"#N/A","#N/A","#N/A","#N/A","#N/A","#N/A","#N/A","#N/A","#N/A","#N/A",cwyzb.salesforce.com,"#N/A","#N/A","#N/A","#N/A","#N/A",false,false,"#N/A","#N/A","#N/A","#N/A","#N/A","#N/A","#N/A","#N/A","#N/A","#N/A"
29839ff5-a998-45ce-bfdd-0d95729e3094,"#N/A","#N/A","#N/A","#N/A","#N/A","#N/A","#N/A","#N/A","#N/A","#N/A","#N/A","#N/A","#N/A","#N/A",TA 20,"#N/A","#N/A","#N/A",false,false,"#N/A",Never,"#N/A",false,true,"#N/A","#N/A",Same,No,"#N/A","#N/A","#N/A","#N/A","#N/A","#N/A","#N/A","#N/A","#N/A","#N/A","#N/A","#N/A","#N/A","#N/A","#N/A","#N/A",false,false,"#N/A","#N/A","#N/A","#N/A","#N/A","#N/A","#N/A","#N/A","#N/A",abcdefghijklmnopqrstuvwxyz
2ded9765-d6a2-471b-9ddb-9f7f8f30ae9d,"#N/A",1.39E8,Austin,"#N/A","#N/A","#N/A","#N/A","#N/A",TX,"312 Constitution Place
Austin, TX 78767
USA","Edge, founded in 1998, is a start-up based in Austin, TX. The company designs and manufactures a device to convert music from one digital format to another. Edge sells its product through retailers and its own website.",(512) 757-9000,Electronics,"#N/A",Edge Communications,1000,"#N/A",(512) 757-6000,false,false,"#N/A",Never,"#N/A",false,true,"#N/A",Contract Based,Same,No,"#N/A","#N/A","#N/A","#N/A","#N/A","#N/A","#N/A","312 Constitution Place
Austin, TX 78767
USA","#N/A",Customer - Direct,http://edgecomm.com,"#N/A","#N/A","#N/A","#N/A","#N/A",false,false,"#N/A","#N/A","#N/A","#N/A","#N/A","#N/A","#N/A","#N/A","#N/A","#N/A"
2ee98041-0c8b-4670-bf1e-a411ad57ad0a,"#N/A","#N/A","#N/A","#N/A","#N/A","#N/A","#N/A","#N/A","#N/A","#N/A","#N/A","#N/A",Banking,"#N/A",Account_CRLIM,294,"#N/A",7673996138,false,false,"#N/A",Never,"#N/A",false,true,"#N/A",Contract Based,Same,No,"#N/A","#N/A","#N/A","#N/A","#N/A","#N/A","#N/A","#N/A","#N/A","#N/A",skdzx.salesforce.com,"#N/A","#N/A","#N/A","#N/A","#N/A",false,false,"#N/A","#N/A","#N/A","#N/A","#N/A","#N/A","#N/A","#N/A","#N/A","#N/A"
31777697-ce36-4df1-8f5c-c5b7b02d8282,"#N/A","#N/A","#N/A","#N/A","#N/A","#N/A","#N/A","#N/A","#N/A","#N/A","#N/A","#N/A",Banking,"#N/A",Account_vmUcC,715,"#N/A",3698110228,false,false,"#N/A",Never,"#N/A",false,true,"#N/A",Contract Based,Same,No,"#N/A","#N/A","#N/A","#N/A","#N/A","#N/A","#N/A","#N/A","#N/A","#N/A",rfhpc.salesforce.com,"#N/A","#N/A","#N/A","#N/A","#N/A",false,false,"#N/A","#N/A","#N/A","#N/A","#N/A","#N/A","#N/A","#N/A","#N/A","#N/A"
3264dbbf-ece8-4680-83db-04184a473050,"#N/A","#N/A","#N/A","#N/A","#N/A","#N/A","#N/A","#N/A","#N/A","#N/A","#N/A","#N/A","#N/A","#N/A",TA 15,"#N/A","#N/A","#N/A",false,false,"#N/A",Never,"#N/A",false,true,"#N/A","#N/A",Same,No,"#N/A","#N/A","#N/A","#N/A","#N/A","#N/A","#N/A","#N/A","#N/A","#N/A","#N/A","#N/A","#N/A","#N/A","#N/A","#N/A",false,false,"#N/A","#N/A","#N/A","#N/A","#N/A","#N/A","#N/A","#N/A","#N/A","#N/A"
345f6eb8-8954-4238-bfc6-8e6a9323529f,"#N/A","#N/A","#N/A","#N/A","#N/A","#N/A","#N/A","#N/A","#N/A","#N/A","#N/A","#N/A",Banking,"#N/A",Account_RDluE,278,"#N/A",8039500091,false,false,"#N/A",Never,"#N/A",false,true,"#N/A",Contract Based,Same,No,"#N/A","#N/A","#N/A","#N/A","#N/A","#N/A","#N/A","#N/A","#N/A","#N/A",yswge.salesforce.com,"#N/A","#N/A","#N/A","#N/A","#N/A",false,false,"#N/A","#N/A","#N/A","#N/A","#N/A","#N/A","#N/A","#N/A","#N/A","#N/A"
35b0c9fe-2f66-4078-91fb-673e782a670b,"#N/A","#N/A","#N/A","#N/A","#N/A","#N/A","#N/A","#N/A","#N/A","#N/A",hi,"#N/A","#N/A","#N/A",Test account new1,"#N/A","#N/A","#N/A",false,false,"#N/A",Never,"#N/A",false,true,"#N/A",Contract Based,Same,No,"#N/A","#N/A","#N/A","#N/A","#N/A","#N/A","#N/A","#N/A","#N/A","#N/A","#N/A","#N/A","#N/A","#N/A","#N/A","#N/A",false,false,"#N/A","#N/A","#N/A","#N/A","#N/A","#N/A","#N/A","#N/A","#N/A","#N/A"
3894510c-2f29-428f-961e-698b44307fb1,"#N/A","#N/A","#N/A","#N/A","#N/A","#N/A","#N/A","#N/A","#N/A","#N/A","#N/A","#N/A","#N/A","#N/A",TA 10,"#N/A","#N/A","#N/A",false,false,"#N/A",Never,"#N/A",false,true,"#N/A","#N/A",Same,No,"#N/A","#N/A","#N/A","#N/A","#N/A","#N/A","#N/A","#N/A","#N/A","#N/A","#N/A","#N/A","#N/A","#N/A","#N/A","#N/A",false,false,"#N/A","#N/A","#N/A","#N/A","#N/A","#N/A","#N/A","#N/A","#N/A","#N/A"
3a5f7959-fe9f-40f2-aacc-f0dd526a1d85,"#N/A","#N/A","#N/A","#N/A","#N/A","#N/A","#N/A","#N/A","#N/A","#N/A","#N/A","#N/A","#N/A","#N/A",Cap’n Cook’s Kitchen Supplies,"#N/A","#N/A","#N/A",false,false,"#N/A",Never,"#N/A",false,true,"#N/A","#N/A",Same,No,"#N/A","#N/A","#N/A","#N/A","#N/A","#N/A","#N/A","#N/A","#N/A","#N/A","#N/A","#N/A","#N/A","#N/A","#N/A","#N/A",false,false,"#N/A","#N/A","#N/A","#N/A","#N/A","#N/A","#N/A","#N/A","#N/A","#N/A"
3b8de482-5786-4c52-94c1-ff972211c48b,"#N/A","#N/A","#N/A","#N/A","#N/A","#N/A","#N/A","#N/A","#N/A","#N/A","#N/A","#N/A","#N/A","#N/A",TA 21,"#N/A","#N/A","#N/A",false,false,"#N/A",Never,"#N/A",false,true,"#N/A","#N/A",Same,No,"#N/A","#N/A","#N/A","#N/A","#N/A","#N/A","#N/A","#N/A","#N/A","#N/A","#N/A","#N/A","#N/A","#N/A","#N/A","#N/A",false,false,"#N/A","#N/A","#N/A","#N/A","#N/A","#N/A","#N/A","#N/A","#N/A",abcdefghijklmnopqrstuvwxyz
3bae034f-ff7b-40c1-935e-a4df02cfc122,"#N/A","#N/A","#N/A","#N/A","#N/A","#N/A","#N/A","#N/A","#N/A","#N/A","#N/A","#N/A","#N/A","#N/A",SkipUpdateTest,"#N/A","#N/A","#N/A",false,false,"#N/A",Never,"#N/A",false,true,"#N/A",Contract Based,Same,No,"#N/A","#N/A","#N/A","#N/A","#N/A","#N/A","#N/A","#N/A","#N/A","#N/A","#N/A","#N/A","#N/A","#N/A","#N/A","#N/A",false,false,"#N/A","#N/A","#N/A","#N/A","#N/A","#N/A","#N/A","#N/A","#N/A","#N/A"
3c9e1f0b-6950-4341-ab97-9bf682a162e5,"#N/A","#N/A",Toronto,Canada,"#N/A","#N/A","#N/A",L4B 1Y3,Ontario,150 Chestnut Street,"GBM is the worldwide leader in technology news and information on the Web and the producer of the longest-running and farthest-reaching television shows about technology. GBM's network of sites combines breakthrough interactive technology with engaging content and design and is consistently ranked as the Internet's leading content network in terms of both audience size and revenue, serving millions of users each day. The company's television programming is broadcast by the USA Network and the Sci-Fi Channel to more than 70 million households and is syndicated to broadcast television stations in the nation's top 120 markets, including the top 10 markets.","#N/A",Media,"#N/A",Global Media,14668,"#N/A",(905) 555-1212,false,false,"#N/A","#N/A","#N/A",false,true,"#N/A","#N/A","#N/A","#N/A",Toronto,Canada,"#N/A","#N/A","#N/A",L4B 1Y3,Ontario,150 Chestnut Street,"#N/A",Prospect,"#N/A","#N/A","#N/A","#N/A","#N/A","#N/A",false,false,"#N/A","#N/A","#N/A","#N/A","#N/A","#N/A","#N/A","#N/A","#N/A","#N/A"
3f493b92-9cf7-49d6-9fc4-7b7b44a04951,"#N/A","#N/A","#N/A",United States,"#N/A","#N/A","#N/A","#N/A","#N/A","#N/A","#N/A","#N/A","#N/A","#N/A",123,"#N/A","#N/A","#N/A",false,false,"#N/A",Never,"#N/A",false,true,"#N/A","#N/A",Same,No,"#N/A","#N/A","#N/A","#N/A","#N/A","#N/A","#N/A","#N/A","#N/A","#N/A","#N/A","#N/A","#N/A","#N/A","#N/A","#N/A",false,false,"#N/A","#N/A","#N/A","#N/A","#N/A","#N/A","#N/A","#N/A","#N/A","#N/A"
40ce84ab-5424-45a3-be5a-73d0febb519e,"#N/A","#N/A","#N/A","#N/A","#N/A","#N/A","#N/A","#N/A","#N/A","#N/A",The finest coconut milk in the seven seas.,"#N/A","#N/A","#N/A",Blackbeards Coconut Milk Emporium,"#N/A","#N/A","#N/A",false,false,"#N/A",Never,"#N/A",false,true,"#N/A","#N/A",Same,No,"#N/A","#N/A","#N/A","#N/A","#N/A","#N/A","#N/A","#N/A","#N/A","#N/A","#N/A","#N/A","#N/A","#N/A","#N/A","#N/A",false,false,"#N/A","#N/A","#N/A","#N/A","#N/A","#N/A","#N/A","#N/A","#N/A","#N/A"
423fece3-c2cf-472f-8e9f-fa36672bd1e7,"#N/A","#N/A","#N/A","#N/A","#N/A","#N/A","#N/A","#N/A","#N/A","#N/A","#N/A","#N/A","#N/A","#N/A",Account X,"#N/A","#N/A","#N/A",false,false,"#N/A",Never,"#N/A",false,true,"#N/A",Contract Based,Same,No,"#N/A","#N/A","#N/A","#N/A","#N/A","#N/A","#N/A","#N/A","#N/A","#N/A","#N/A","#N/A","#N/A","#N/A","#N/A","#N/A",false,false,"#N/A","#N/A","#N/A","#N/A","#N/A","#N/A","#N/A","#N/A","#N/A","#N/A"
42405abb-be5d-4fdd-a080-b042feb80397,"#N/A","#N/A","#N/A","#N/A","#N/A","#N/A","#N/A","#N/A","#N/A","#N/A","#N/A","#N/A",Banking,"#N/A",Account_KKMNa,568,"#N/A",2226010893,false,false,"#N/A",Never,"#N/A",false,true,"#N/A",Contract Based,Same,No,"#N/A","#N/A","#N/A","#N/A","#N/A","#N/A","#N/A","#N/A","#N/A","#N/A",vsznq.salesforce.com,"#N/A","#N/A","#N/A","#N/A","#N/A",false,false,"#N/A","#N/A","#N/A","#N/A","#N/A","#N/A","#N/A","#N/A","#N/A","#N/A"
463ea583-5af2-4ce1-a897-6e305284f5cd,"#N/A",1.0E8,New York,USA,"#N/A","#N/A","#N/A",31349,NY,10 Main Rd.,"#N/A",(212) 555-5555,Manufacturing,"#N/A",Acme,680,"#N/A",(212) 555-5555,false,false,"#N/A","#N/A","#N/A",false,true,"#N/A","#N/A","#N/A","#N/A",New York,USA,"#N/A","#N/A","#N/A",31349,NY,10 Main Rd.,"#N/A",Prospect,"#N/A","#N/A","#N/A","#N/A","#N/A","#N/A",false,false,"#N/A","#N/A","#N/A","#N/A","#N/A","#N/A","#N/A","#N/A","#N/A","#N/A"
473273c2-4e91-4dae-8220-213c419930a8,"#N/A","#N/A","#N/A","#N/A","#N/A","#N/A","#N/A","#N/A","#N/A","#N/A","#N/A","#N/A","#N/A","#N/A",TA 0,"#N/A","#N/A","#N/A",false,false,"#N/A",Never,"#N/A",false,true,"#N/A","#N/A",Same,No,"#N/A","#N/A","#N/A","#N/A","#N/A","#N/A","#N/A","#N/A","#N/A","#N/A","#N/A","#N/A","#N/A","#N/A","#N/A","#N/A",false,false,"#N/A","#N/A","#N/A","#N/A","#N/A","#N/A","#N/A","#N/A","#N/A","#N/A"
48244002-44cd-4d4f-8b5a-37c465cf8495,"#N/A","#N/A","#N/A","#N/A","#N/A","#N/A","#N/A","#N/A","#N/A","#N/A","#N/A","#N/A","#N/A","#N/A",regression11.17,"#N/A","#N/A","#N/A",false,false,"#N/A",Never,"#N/A",false,true,"#N/A",Contract Based,Same,No,"#N/A","#N/A","#N/A","#N/A","#N/A","#N/A","#N/A","#N/A","#N/A","#N/A","#N/A","#N/A","#N/A","#N/A","#N/A","#N/A",false,false,"#N/A","#N/A","#N/A","#N/A","#N/A","#N/A","#N/A","#N/A","#N/A","#N/A"
48a3c51c-6fc1-44b3-a561-bbbbdc9f1a14,"#N/A","#N/A","#N/A","#N/A","#N/A","#N/A","#N/A","#N/A","#N/A","#N/A",The finest coconut milk in the seven seas.,"#N/A","#N/A","#N/A",Blackbeards Coconut Milk Emporium,"#N/A","#N/A","#N/A",false,false,"#N/A",Never,"#N/A",false,true,"#N/A","#N/A",Same,No,"#N/A","#N/A","#N/A","#N/A","#N/A","#N/A","#N/A","#N/A","#N/A","#N/A","#N/A","#N/A","#N/A","#N/A","#N/A","#N/A",false,false,"#N/A","#N/A","#N/A","#N/A","#N/A","#N/A","#N/A","#N/A","#N/A","#N/A"
49ff3417-94ab-46ed-9b59-eff8109bfdbf,"#N/A","#N/A","#N/A","#N/A","#N/A","#N/A","#N/A","#N/A","#N/A","#N/A","#N/A","#N/A","#N/A","#N/A",TA 18,"#N/A","#N/A","#N/A",false,false,"#N/A",Never,"#N/A",false,true,"#N/A","#N/A",Same,No,"#N/A","#N/A","#N/A","#N/A","#N/A","#N/A","#N/A","#N/A","#N/A","#N/A","#N/A","#N/A","#N/A","#N/A","#N/A","#N/A",false,false,"#N/A","#N/A",jhvj,"#N/A","#N/A","#N/A","#N/A","#N/A","#N/A","#N/A"
4b7f3976-e056-40f7-a97b-f512007b69e8,"#N/A","#N/A","#N/A","#N/A","#N/A","#N/A","#N/A","#N/A","#N/A","#N/A","#N/A","#N/A","#N/A","#N/A",TA 14,"#N/A","#N/A","#N/A",false,false,"#N/A",Never,"#N/A",false,true,"#N/A","#N/A",Same,No,"#N/A","#N/A","#N/A","#N/A","#N/A","#N/A","#N/A","#N/A","#N/A","#N/A","#N/A","#N/A","#N/A","#N/A","#N/A","#N/A",false,false,"#N/A","#N/A","#N/A","#N/A","#N/A","#N/A","#N/A","#N/A","#N/A","#N/A"
51a4ef77-a76e-41f8-b68c-eaeab547cf14,"#N/A","#N/A","#N/A","#N/A","#N/A","#N/A","#N/A","#N/A","#N/A","#N/A","#N/A","#N/A","#N/A","#N/A",TA 0,"#N/A","#N/A","#N/A",false,false,"#N/A",Never,"#N/A",false,true,"#N/A","#N/A",Same,No,"#N/A","#N/A","#N/A","#N/A","#N/A","#N/A","#N/A","#N/A","#N/A","#N/A","#N/A","#N/A","#N/A","#N/A","#N/A","#N/A",false,false,"#N/A","#N/A","#N/A","#N/A","#N/A","#N/A","#N/A","#N/A","#N/A","#N/A"
55a089f0-e4e4-4fa1-8b56-08bd55d7e435,"#N/A","#N/A","#N/A","#N/A","#N/A","#N/A","#N/A","#N/A","#N/A","#N/A","#N/A","#N/A","#N/A","#N/A",TA 4,"#N/A","#N/A","#N/A",false,false,"#N/A",Never,"#N/A",false,true,"#N/A","#N/A",Same,No,"#N/A","#N/A","#N/A","#N/A","#N/A","#N/A","#N/A","#N/A","#N/A","#N/A","#N/A","#N/A","#N/A","#N/A","#N/A","#N/A",false,false,"#N/A","#N/A","#N/A","#N/A","#N/A","#N/A","#N/A","#N/A","#N/A","#N/A"
56c5c759-5c08-46ac-a61c-93476df9f52e,"#N/A","#N/A","#N/A","#N/A","#N/A","#N/A","#N/A","#N/A","#N/A","#N/A","#N/A","#N/A","#N/A","#N/A",TA 100,"#N/A","#N/A","#N/A",false,false,"#N/A",Never,"#N/A",false,true,"#N/A","#N/A",Same,No,"#N/A","#N/A","#N/A","#N/A","#N/A","#N/A","#N/A","#N/A","#N/A","#N/A","#N/A","#N/A","#N/A","#N/A","#N/A","#N/A",false,false,"#N/A","#N/A","#N/A","#N/A","#N/A","#N/A","#N/A","#N/A","#N/A","#N/A"
5764a365-4fc7-42be-8059-453fe48ecb3b,"#N/A","#N/A","#N/A","#N/A","#N/A","#N/A","#N/A","#N/A","#N/A","#N/A","#N/A","#N/A","#N/A","#N/A",6666,"#N/A","#N/A","#N/A",false,false,"#N/A",Never,"#N/A",false,true,"#N/A","#N/A",Same,No,"#N/A","#N/A","#N/A","#N/A","#N/A","#N/A","#N/A","#N/A","#N/A","#N/A","#N/A","#N/A","#N/A","#N/A","#N/A","#N/A",false,false,"#N/A","#N/A","#N/A","#N/A","#N/A","#N/A","#N/A","#N/A","#N/A","#N/A"
57a7364a-a25a-42e1-9e13-2ca36dd572ab,"#N/A","#N/A","#N/A","#N/A","#N/A","#N/A","#N/A","#N/A","#N/A","#N/A","#N/A","#N/A","#N/A","#N/A",TA 1,"#N/A","#N/A","#N/A",false,false,"#N/A",Never,"#N/A",false,true,"#N/A","#N/A",Same,No,"#N/A","#N/A","#N/A","#N/A","#N/A","#N/A","#N/A","#N/A","#N/A","#N/A","#N/A","#N/A","#N/A","#N/A","#N/A","#N/A",false,false,"#N/A","#N/A","#N/A","#N/A","#N/A","#N/A","#N/A","#N/A","#N/A","#N/A"
5afcc10d-8304-4425-9313-9806262a6cb9,"#N/A",5.0E8,Chicago,"#N/A","#N/A","#N/A","#N/A","#N/A",IL,"2334 N. Michigan Avenue, Suite 1500
Chicago, IL 60601, USA","Chain of hotels and resorts across the US, UK, Eastern Europe, Japan, and SE Asia.",(312) 596-1500,Hospitality,"#N/A",Grand Hotels & Resorts Ltd,5600,"#N/A",(312) 596-1000,false,false,"#N/A",Never,"#N/A",false,true,"#N/A",Contract Based,Same,No,"#N/A","#N/A","#N/A","#N/A","#N/A","#N/A","#N/A","2334 N. Michigan Avenue, Suite 1500
Chicago, IL 60601, USA","#N/A",Customer - Direct,www.grandhotels.com,"#N/A","#N/A","#N/A","#N/A","#N/A",false,false,"#N/A","#N/A","#N/A","#N/A","#N/A","#N/A","#N/A","#N/A","#N/A","#N/A"
5bf7b0f7-9049-4f08-8530-f5655228e830,"#N/A","#N/A","#N/A","#N/A","#N/A","#N/A","#N/A","#N/A","#N/A","#N/A","#N/A","#N/A","#N/A","#N/A",TA 10,"#N/A","#N/A","#N/A",false,false,"#N/A",Never,"#N/A",false,true,"#N/A","#N/A",Same,No,"#N/A","#N/A","#N/A","#N/A","#N/A","#N/A","#N/A","#N/A","#N/A","#N/A","#N/A","#N/A","#N/A","#N/A","#N/A","#N/A",false,false,"#N/A","#N/A","#N/A","#N/A","#N/A","#N/A","#N/A","#N/A","#N/A","#N/A"
5cc198bb-0148-488d-b54e-92f2e907c12e,"#N/A","#N/A","#N/A","#N/A","#N/A","#N/A","#N/A","#N/A","#N/A","#N/A","#N/A","#N/A","#N/A","#N/A",TA 1,"#N/A","#N/A","#N/A",false,false,"#N/A",Never,"#N/A",false,true,"#N/A","#N/A",Same,No,"#N/A","#N/A","#N/A","#N/A","#N/A","#N/A","#N/A","#N/A","#N/A","#N/A","#N/A","#N/A","#N/A","#N/A","#N/A","#N/A",false,false,"#N/A","#N/A","#N/A","#N/A","#N/A","#N/A","#N/A","#N/A","#N/A","#N/A"
5d41acb5-1cb3-4188-8e72-a87e51418a30,"#N/A","#N/A","#N/A","#N/A","#N/A","#N/A","#N/A","#N/A","#N/A","#N/A","#N/A","#N/A","#N/A","#N/A",TA 10,"#N/A","#N/A","#N/A",false,false,"#N/A",Never,"#N/A",false,true,"#N/A","#N/A",Same,No,"#N/A","#N/A","#N/A","#N/A","#N/A","#N/A","#N/A","#N/A","#N/A","#N/A","#N/A","#N/A","#N/A","#N/A","#N/A","#N/A",false,false,"#N/A","#N/A","#N/A","#N/A","#N/A","#N/A","#N/A","#N/A","#N/A","#N/A"
620a303d-f2bb-44f1-90c0-e7cf097ef21d,"#N/A",5.6E9,New York,"#N/A","#N/A","#N/A","#N/A","#N/A",NY,"1301 Avenue of the Americas 
New York, NY 10019
USA",World's third largest oil and gas company.,(212) 842-5501,Energy,"#N/A",United Oil & Gas Corp.,145000,"#N/A",(212) 842-5500,false,false,"#N/A",Never,"#N/A",false,true,"#N/A",Contract Based,Same,No,"#N/A","#N/A","#N/A","#N/A","#N/A","#N/A","#N/A","1301 Avenue of the Americas 
New York, NY 10019
USA","#N/A",Customer - Direct,http://www.uos.com,"#N/A","#N/A","#N/A","#N/A","#N/A",false,false,"#N/A","#N/A","#N/A","#N/A","#N/A","#N/A","#N/A","#N/A","#N/A","#N/A"
66daaf86-c458-4f2c-8e66-460fe9bc5d93,"#N/A","#N/A","#N/A","#N/A","#N/A","#N/A","#N/A","#N/A","#N/A","#N/A","#N/A","#N/A",Banking,"#N/A",Account_jbGpP,124,"#N/A",3290239053,false,false,"#N/A",Never,"#N/A",false,true,"#N/A",Contract Based,Same,No,"#N/A","#N/A","#N/A","#N/A","#N/A","#N/A","#N/A","#N/A","#N/A","#N/A",cuisn.salesforce.com,"#N/A","#N/A","#N/A","#N/A","#N/A",false,false,"#N/A","#N/A","#N/A","#N/A","#N/A","#N/A","#N/A","#N/A","#N/A","#N/A"
69d99754-aeb1-43ea-9f8b-cc802eb753b8,"#N/A","#N/A","#N/A","#N/A","#N/A","#N/A","#N/A","#N/A","#N/A","#N/A","#N/A","#N/A","#N/A","#N/A",Test Contact,"#N/A","#N/A","#N/A",false,false,"#N/A",Never,"#N/A",false,true,"#N/A","#N/A",Same,No,"#N/A","#N/A","#N/A","#N/A","#N/A","#N/A","#N/A","#N/A","#N/A","#N/A","#N/A","#N/A","#N/A","#N/A","#N/A","#N/A",false,false,"#N/A","#N/A","#N/A","#N/A","#N/A","#N/A","#N/A","#N/A","#N/A","#N/A"
6f6741e6-c51d-4d81-b309-38e00140e325,"#N/A","#N/A","#N/A","#N/A","#N/A","#N/A","#N/A","#N/A","#N/A","#N/A","#N/A","#N/A","#N/A","#N/A",TA 13,"#N/A","#N/A","#N/A",false,false,"#N/A",Never,"#N/A",false,true,"#N/A","#N/A",Same,No,"#N/A","#N/A","#N/A","#N/A","#N/A","#N/A","#N/A","#N/A","#N/A","#N/A","#N/A","#N/A","#N/A","#N/A","#N/A","#N/A",false,false,"#N/A","#N/A","#N/A","#N/A","#N/A","#N/A","#N/A","#N/A","#N/A","#N/A"
6f80e616-a271-48d4-9425-d40b2789452b,"#N/A","#N/A","#N/A","#N/A","#N/A","#N/A","#N/A","#N/A","#N/A","#N/A","#N/A","#N/A","#N/A","#N/A",TA 26,"#N/A","#N/A","#N/A",false,false,"#N/A",Never,"#N/A",false,true,"#N/A","#N/A",Same,No,"#N/A","#N/A","#N/A","#N/A","#N/A","#N/A","#N/A","#N/A","#N/A","#N/A","#N/A","#N/A","#N/A","#N/A","#N/A","#N/A",false,false,"#N/A","#N/A","#N/A","#N/A","#N/A","#N/A","#N/A","#N/A","#N/A","#N/A"
714ad601-f787-4878-96b5-c72889459fb9,"#N/A","#N/A","#N/A","#N/A","#N/A","#N/A","#N/A","#N/A","#N/A","#N/A","#N/A","#N/A","#N/A","#N/A",TA 100,"#N/A","#N/A","#N/A",false,false,"#N/A",Never,"#N/A",false,true,"#N/A","#N/A",Same,No,"#N/A","#N/A","#N/A","#N/A","#N/A","#N/A","#N/A","#N/A","#N/A","#N/A","#N/A","#N/A","#N/A","#N/A","#N/A","#N/A",false,false,"#N/A","#N/A","#N/A","#N/A","#N/A","#N/A","#N/A","#N/A","#N/A","#N/A"
73f48bdc-f6b1-4efa-9d4f-be075843f109,"#N/A","#N/A","#N/A","#N/A","#N/A","#N/A","#N/A","#N/A","#N/A","#N/A","#N/A","#N/A",Banking,"#N/A",Account_TFEyD,137,"#N/A",7998919891,false,false,"#N/A",Never,"#N/A",false,true,"#N/A",Contract Based,Same,No,"#N/A","#N/A","#N/A","#N/A","#N/A","#N/A","#N/A","#N/A","#N/A","#N/A",ccjyd.salesforce.com,"#N/A","#N/A","#N/A","#N/A","#N/A",false,false,"#N/A","#N/A","#N/A","#N/A","#N/A","#N/A","#N/A","#N/A","#N/A","#N/A"
75940867-44fc-4b2c-b981-6a16b424d27c,"#N/A","#N/A","#N/A","#N/A","#N/A","#N/A","#N/A","#N/A","#N/A","#N/A","#N/A","#N/A","#N/A","#N/A",TA 10,"#N/A","#N/A","#N/A",false,false,"#N/A",Never,"#N/A",false,true,"#N/A","#N/A",Same,No,"#N/A","#N/A","#N/A","#N/A","#N/A","#N/A","#N/A","#N/A","#N/A","#N/A","#N/A","#N/A","#N/A","#N/A","#N/A","#N/A",false,false,"#N/A","#N/A","#N/A","#N/A","#N/A","#N/A","#N/A","#N/A","#N/A","#N/A"
79198f51-b666-4b62-981a-b3e40a54aa52,"#N/A","#N/A",San Francisco,USA,"#N/A","#N/A","#N/A",94105,CA,"The Landmark @ One Market, Suite 300","Founded in March 1999, salesforce.com (http://www.salesforce.com) builds and delivers customer relationship management (CRM) applications as scalable online services. The salesforce.com product suite - Team Edition, Professional Edition, Enterprise Edition, Wireless Edition and Offline Edition - gives companies of all sizes a complete 360-degree view of the customer. The company's award-winning CRM solutions provide integrated online sales force automation, customer service and support management, and marketing automation applications to help companies meet the complex challenges of global customer communication. Salesforce.com has received considerable recognition in the industry, including Editors' Choice and two Five-Star ratings from PC Magazine, two Deploy Awards from InfoWorld, Red Herring 100, Upside Hot 100, Investor's Choice Award from Enterprise Outlook, Editors' Choice from TMCLabs, Top 10 CRM Implementation from Aberdeen Group, and InfoWorld's 2001 CRM Technology of the Year. Founded in 1999, salesforce.com is headquartered in San Francisco, with offices in Europe and Asia.",(415) 901-7040,Technology,"#N/A",salesforce.com,"#N/A","#N/A",(415) 901-7000,false,false,"#N/A","#N/A","#N/A",false,false,"#N/A","#N/A","#N/A","#N/A",San Francisco,USA,"#N/A","#N/A","#N/A",94105,CA,"The Landmark @ One Market, Suite 300","#N/A",Customer,http://www.salesforce.com,"#N/A","#N/A","#N/A","#N/A","#N/A",false,false,"#N/A","#N/A","#N/A","#N/A","#N/A","#N/A","#N/A","#N/A",abcdefghijklmnopqrstuvwxyz,"#N/A"
79cd7173-f3ce-4414-9062-f6563b35b606,"#N/A","#N/A","#N/A","#N/A","#N/A","#N/A","#N/A","#N/A","#N/A","#N/A","#N/A","#N/A","#N/A","#N/A",TA 1,"#N/A","#N/A","#N/A",false,false,"#N/A",Never,"#N/A",false,true,"#N/A","#N/A",Same,No,"#N/A","#N/A","#N/A","#N/A","#N/A","#N/A","#N/A","#N/A","#N/A","#N/A","#N/A","#N/A","#N/A","#N/A","#N/A","#N/A",false,false,"#N/A","#N/A","#N/A","#N/A","#N/A","#N/A","#N/A","#N/A","#N/A","#N/A"
7ffe7ac2-c92c-42e7-b8aa-043157f05322,"#N/A","#N/A","#N/A","#N/A","#N/A","#N/A","#N/A","#N/A","#N/A","#N/A","#N/A","#N/A","#N/A","#N/A",TA 1,"#N/A","#N/A","#N/A",false,false,"#N/A",Never,"#N/A",false,true,"#N/A","#N/A",Same,No,"#N/A","#N/A","#N/A","#N/A","#N/A","#N/A","#N/A","#N/A","#N/A","#N/A","#N/A","#N/A","#N/A","#N/A","#N/A","#N/A",false,false,"#N/A","#N/A","#N/A","#N/A","#N/A","#N/A","#N/A","#N/A","#N/A","#N/A"
8060d099-5458-48be-84a1-917423864ad8,"#N/A","#N/A","#N/A","#N/A","#N/A","#N/A","#N/A","#N/A","#N/A","#N/A","#N/A","#N/A","#N/A","#N/A",TA 19,"#N/A","#N/A","#N/A",false,false,"#N/A",Never,"#N/A",false,true,"#N/A","#N/A",Same,No,"#N/A","#N/A","#N/A","#N/A","#N/A","#N/A","#N/A","#N/A","#N/A","#N/A","#N/A","#N/A","#N/A","#N/A","#N/A","#N/A",false,false,"#N/A","#N/A","#N/A","#N/A","#N/A","#N/A","#N/A","#N/A","#N/A",abcdefghijklmnopqrstuvwxyz
820bdb37-ffea-4493-bc47-1b18757239e9,"#N/A","#N/A",Toronto,Canada,"#N/A","#N/A","#N/A",L4B 1Y3,Ontario,150 Chestnut Street,"GBM is the worldwide leader in technology news and information on the Web and the producer of the longest-running and farthest-reaching television shows about technology. GBM's network of sites combines breakthrough interactive technology with engaging content and design and is consistently ranked as the Internet's leading content network in terms of both audience size and revenue, serving millions of users each day. The company's television programming is broadcast by the USA Network and the Sci-Fi Channel to more than 70 million households and is syndicated to broadcast television stations in the nation's top 120 markets, including the top 10 markets.","#N/A",Media,"#N/A",Global Media,14668,"#N/A",(905) 555-1212,false,false,"#N/A","#N/A","#N/A",false,false,"#N/A","#N/A","#N/A","#N/A",Toronto,Canada,"#N/A","#N/A","#N/A",L4B 1Y3,Ontario,150 Chestnut Street,"#N/A",Prospect,"#N/A","#N/A","#N/A","#N/A","#N/A","#N/A",false,false,"#N/A","#N/A","#N/A","#N/A","#N/A","#N/A","#N/A","#N/A",abcdefghijklmnopqrstuvwxyz,"#N/A"
82afad40-0db3-4817-b76c-167247eb8ce6,"#N/A","#N/A","#N/A","#N/A","#N/A","#N/A","#N/A","#N/A","#N/A","#N/A","#N/A","#N/A","#N/A","#N/A",TA 100,"#N/A","#N/A","#N/A",false,false,"#N/A",Never,"#N/A",false,true,"#N/A","#N/A",Same,No,"#N/A","#N/A","#N/A","#N/A","#N/A","#N/A","#N/A","#N/A","#N/A","#N/A","#N/A","#N/A","#N/A","#N/A","#N/A","#N/A",false,false,"#N/A","#N/A","#N/A","#N/A","#N/A","#N/A","#N/A","#N/A","#N/A","#N/A"
82c99e69-8c27-4edd-82b1-8191c9244c05,"#N/A",1.0E8,New York,USA,"#N/A","#N/A","#N/A",31349,NY,10 Main Rd.,"#N/A",(212) 555-5555,Manufacturing,"#N/A",Acme,680,"#N/A",(212) 555-5555,false,false,"#N/A","#N/A","#N/A",false,false,"#N/A","#N/A","#N/A","#N/A",New York,USA,"#N/A","#N/A","#N/A",31349,NY,10 Main Rd.,"#N/A",Prospect,"#N/A","#N/A","#N/A","#N/A","#N/A","#N/A",false,false,"#N/A","#N/A","#N/A","#N/A","#N/A","#N/A","#N/A","#N/A",abcdefghijklmnopqrstuvwxyz,"#N/A"
83d04b24-4632-4687-8ae7-9e2b8709f374,"#N/A","#N/A","#N/A","#N/A","#N/A","#N/A","#N/A","#N/A","#N/A","#N/A","#N/A","#N/A","#N/A","#N/A",MYacc,"#N/A","#N/A","#N/A",false,false,"#N/A",Never,"#N/A",false,true,"#N/A","#N/A",Same,No,"#N/A","#N/A","#N/A","#N/A","#N/A","#N/A","#N/A","#N/A","#N/A","#N/A","#N/A","#N/A","#N/A","#N/A","#N/A","#N/A",false,false,"#N/A","#N/A","#N/A","#N/A","#N/A","#N/A","#N/A","#N/A","#N/A","#N/A"
86a5b162-3179-49fa-9cd6-e61cf17eb8df,"#N/A","#N/A","#N/A","#N/A","#N/A","#N/A","#N/A","#N/A","#N/A","#N/A",The finest coconut milk in the seven seas.,"#N/A","#N/A","#N/A",Blackbeards Coconut Milk Emporium,"#N/A","#N/A","#N/A",false,false,"#N/A",Never,"#N/A",false,true,"#N/A","#N/A",Same,No,"#N/A","#N/A","#N/A","#N/A","#N/A","#N/A","#N/A","#N/A","#N/A","#N/A","#N/A","#N/A","#N/A","#N/A","#N/A","#N/A",false,false,"#N/A","#N/A","#N/A","#N/A","#N/A","#N/A","#N/A","#N/A","#N/A","#N/A"
87c5258f-0524-4ebc-ac0f-49ba858aef8f,"#N/A","#N/A","#N/A","#N/A","#N/A","#N/A","#N/A","#N/A","#N/A","#N/A","#N/A","#N/A","#N/A","#N/A",TA 16,"#N/A","#N/A","#N/A",false,false,"#N/A",Never,"#N/A",false,true,"#N/A","#N/A",Same,No,"#N/A","#N/A","#N/A","#N/A","#N/A","#N/A","#N/A","#N/A","#N/A","#N/A","#N/A","#N/A","#N/A","#N/A","#N/A","#N/A",false,false,"#N/A","#N/A","#N/A","#N/A","#N/A","#N/A","#N/A","#N/A","#N/A","#N/A"
88cdf7f1-749a-4abe-b025-8c086236af1a,"#N/A","#N/A","#N/A","#N/A","#N/A","#N/A","#N/A","#N/A","#N/A","#N/A","#N/A","#N/A",Banking,"#N/A",Account_YTWkW,963,"#N/A",9069310329,false,false,"#N/A",Never,"#N/A",false,true,"#N/A",Contract Based,Same,No,"#N/A","#N/A","#N/A","#N/A","#N/A","#N/A","#N/A","#N/A","#N/A","#N/A",ojmwu.salesforce.com,"#N/A","#N/A","#N/A","#N/A","#N/A",false,false,"#N/A","#N/A","#N/A","#N/A","#N/A","#N/A","#N/A","#N/A","#N/A","#N/A"
8b55c68e-c2c3-4d89-8679-3d6daeb17458,"#N/A","#N/A","#N/A","#N/A","#N/A","#N/A","#N/A","#N/A","#N/A","#N/A","#N/A","#N/A","#N/A","#N/A",Ahab’s Mighty Masts,"#N/A","#N/A","#N/A",false,false,"#N/A",Never,"#N/A",false,true,"#N/A","#N/A",Same,No,"#N/A","#N/A","#N/A","#N/A","#N/A","#N/A","#N/A","#N/A","#N/A","#N/A","#N/A","#N/A","#N/A","#N/A","#N/A","#N/A",false,false,"#N/A","#N/A","#N/A","#N/A","#N/A","#N/A","#N/A","#N/A","#N/A","#N/A"
8bd6de01-cb1c-4bdb-8f9f-78dd8aaf3c85,"#N/A","#N/A","#N/A","#N/A","#N/A","#N/A","#N/A","#N/A","#N/A","#N/A","#N/A","#N/A","#N/A","#N/A",Planks R Us,"#N/A","#N/A","#N/A",false,false,"#N/A",Never,"#N/A",false,true,"#N/A","#N/A",Same,No,"#N/A","#N/A","#N/A","#N/A","#N/A","#N/A","#N/A","#N/A","#N/A","#N/A","#N/A","#N/A","#N/A","#N/A","#N/A","#N/A",false,false,"#N/A","#N/A","#N/A","#N/A","#N/A","#N/A","#N/A","#N/A","#N/A","#N/A"
8f2fd719-7243-4f18-b291-79d08a5bd01f,"#N/A","#N/A",Toronto,Canada,"#N/A","#N/A","#N/A",L4B 1Y3,Ontario,150 Chestnut Street,"GBM is the worldwide leader in technology news and information on the Web and the producer of the longest-running and farthest-reaching television shows about technology. GBM's network of sites combines breakthrough interactive technology with engaging content and design and is consistently ranked as the Internet's leading content network in terms of both audience size and revenue, serving millions of users each day. The company's television programming is broadcast by the USA Network and the Sci-Fi Channel to more than 70 million households and is syndicated to broadcast television stations in the nation's top 120 markets, including the top 10 markets.","#N/A",Media,"#N/A",Global Media,14668,"#N/A",(905) 555-1212,false,false,"#N/A","#N/A","#N/A",false,true,"#N/A",Contract Based,"#N/A","#N/A",Toronto,Canada,"#N/A","#N/A","#N/A",L4B 1Y3,Ontario,150 Chestnut Street,"#N/A",Prospect,"#N/A","#N/A","#N/A","#N/A","#N/A","#N/A",false,false,"#N/A","#N/A","#N/A","#N/A","#N/A","#N/A","#N/A","#N/A","#N/A","#N/A"
93634dea-ab09-4224-892b-522423cacee8,"#N/A","#N/A","#N/A","#N/A","#N/A","#N/A","#N/A","#N/A","#N/A","#N/A","#N/A","#N/A","#N/A","#N/A",TA 100,"#N/A","#N/A","#N/A",false,false,"#N/A",Never,"#N/A",false,true,"#N/A","#N/A",Same,No,"#N/A","#N/A","#N/A","#N/A","#N/A","#N/A","#N/A","#N/A","#N/A","#N/A","#N/A","#N/A","#N/A","#N/A","#N/A","#N/A",false,false,"#N/A","#N/A","#N/A","#N/A","#N/A","#N/A","#N/A","#N/A","#N/A","#N/A"
9695b6c2-aeea-45ae-bee7-4dd61d0da7a4,"#N/A","#N/A","#N/A","#N/A","#N/A","#N/A","#N/A","#N/A","#N/A","#N/A","#N/A","#N/A","#N/A","#N/A",TA 0,"#N/A","#N/A","#N/A",false,false,"#N/A",Never,"#N/A",false,true,"#N/A","#N/A",Same,No,"#N/A","#N/A","#N/A","#N/A","#N/A","#N/A","#N/A","#N/A","#N/A","#N/A","#N/A","#N/A","#N/A","#N/A","#N/A","#N/A",false,false,"#N/A","#N/A","#N/A","#N/A","#N/A","#N/A","#N/A","#N/A","#N/A","#N/A"
99660663-eecd-4c77-8296-490f3a4357c8,"#N/A","#N/A","#N/A","#N/A","#N/A","#N/A","#N/A","#N/A","#N/A","#N/A","#N/A","#N/A","#N/A","#N/A",TA 28,"#N/A","#N/A","#N/A",false,false,"#N/A",Never,"#N/A",false,true,"#N/A","#N/A",Same,No,"#N/A","#N/A","#N/A","#N/A","#N/A","#N/A","#N/A","#N/A","#N/A","#N/A","#N/A","#N/A","#N/A","#N/A","#N/A","#N/A",false,false,"#N/A","#N/A","#N/A","#N/A","#N/A","#N/A","#N/A","#N/A","#N/A","#N/A"
9e3747eb-9622-46f1-81be-bccde403025d,"#N/A","#N/A","#N/A","#N/A","#N/A","#N/A","#N/A","#N/A","#N/A","#N/A","#N/A","#N/A","#N/A","#N/A",Account X,"#N/A","#N/A","#N/A",false,false,"#N/A",Never,"#N/A",false,true,"#N/A","#N/A",Same,No,"#N/A","#N/A","#N/A","#N/A","#N/A","#N/A","#N/A","#N/A","#N/A","#N/A","#N/A","#N/A","#N/A","#N/A","#N/A","#N/A",false,false,"#N/A","#N/A","#N/A","#N/A","#N/A","#N/A","#N/A","#N/A","#N/A","#N/A"
9ea4ef28-9109-408a-9ef8-b64187a5ffa7,"#N/A","#N/A","#N/A","#N/A","#N/A","#N/A","#N/A","#N/A","#N/A","#N/A","#N/A","#N/A","#N/A","#N/A",VD1,"#N/A","#N/A","#N/A",false,false,"#N/A",Never,"#N/A",false,true,"#N/A","#N/A",Same,No,"#N/A","#N/A","#N/A","#N/A","#N/A","#N/A","#N/A","#N/A","#N/A","#N/A","#N/A","#N/A","#N/A","#N/A","#N/A","#N/A",false,false,"#N/A","#N/A","#N/A","#N/A","#N/A","#N/A","#N/A","#N/A","#N/A","#N/A"
9ecdae8d-be53-465b-b6dc-5efdfce99d93,"#N/A","#N/A","#N/A","#N/A","#N/A","#N/A","#N/A","#N/A","#N/A","#N/A","#N/A","#N/A","#N/A","#N/A",TA 1,"#N/A","#N/A","#N/A",false,false,"#N/A",Never,"#N/A",false,true,"#N/A","#N/A",Same,No,"#N/A","#N/A","#N/A","#N/A","#N/A","#N/A","#N/A","#N/A","#N/A","#N/A","#N/A","#N/A","#N/A","#N/A","#N/A","#N/A",false,false,"#N/A","#N/A","#N/A","#N/A","#N/A","#N/A","#N/A","#N/A","#N/A","#N/A"
9f3c7fb0-bab3-4b80-9196-9088c56151fe,"#N/A","#N/A","#N/A","#N/A","#N/A","#N/A","#N/A","#N/A","#N/A","#N/A","#N/A","#N/A","#N/A","#N/A",TA 0,"#N/A","#N/A","#N/A",false,false,"#N/A",Never,"#N/A",false,true,"#N/A","#N/A",Same,No,"#N/A","#N/A","#N/A","#N/A","#N/A","#N/A","#N/A","#N/A","#N/A","#N/A","#N/A","#N/A","#N/A","#N/A","#N/A","#N/A",false,false,"#N/A","#N/A","#N/A","#N/A","#N/A","#N/A","#N/A","#N/A","#N/A","#N/A"
9fe168fc-8671-4177-a76c-bf9c03b07527,"#N/A","#N/A",Singapore,"#N/A","#N/A","#N/A","#N/A","#N/A",Singapore,"9 Tagore Lane
Singapore, Singapore 787472
Singapore","#N/A",(650) 450-8820,Energy,"#N/A","United Oil & Gas, Singapore",3000,"#N/A",(650) 450-8810,false,false,"#N/A",Never,"#N/A",false,true,"#N/A",Contract Based,Same,No,"#N/A","#N/A","#N/A","#N/A","#N/A","#N/A","#N/A","9 Tagore Lane
Singapore, Singapore 787472
Singapore","#N/A",Customer - Direct,http://www.uos.com,"#N/A","#N/A","#N/A","#N/A","#N/A",false,false,"#N/A","#N/A","#N/A","#N/A","#N/A","#N/A","#N/A","#N/A","#N/A","#N/A"
a1667724-1b7a-4fb6-bffd-2a233c279beb,"#N/A","#N/A","#N/A","#N/A","#N/A","#N/A","#N/A","#N/A","#N/A","#N/A","#N/A","#N/A","#N/A","#N/A",TA 0,"#N/A","#N/A","#N/A",false,false,"#N/A",Never,"#N/A",false,true,"#N/A","#N/A",Same,No,"#N/A","#N/A","#N/A","#N/A","#N/A","#N/A","#N/A","#N/A","#N/A","#N/A","#N/A","#N/A","#N/A","#N/A","#N/A","#N/A",false,false,"#N/A","#N/A","#N/A","#N/A","#N/A","#N/A","#N/A","#N/A","#N/A","#N/A"
a52d064c-ec0d-4a3d-8db6-238df825c9bf,"#N/A","#N/A","#N/A","#N/A","#N/A","#N/A","#N/A","#N/A","#N/A","#N/A","#N/A","#N/A","#N/A","#N/A",TA 29,"#N/A","#N/A","#N/A",false,false,"#N/A",Never,"#N/A",false,true,"#N/A","#N/A",Same,No,"#N/A","#N/A","#N/A","#N/A","#N/A","#N/A","#N/A","#N/A","#N/A","#N/A","#N/A","#N/A","#N/A","#N/A","#N/A","#N/A",false,false,"#N/A","#N/A","#N/A","#N/A","#N/A","#N/A","#N/A","#N/A","#N/A","#N/A"
a9309c7f-3c48-4f9f-b11c-bea8502a63e9,"#N/A","#N/A","#N/A","#N/A","#N/A","#N/A","#N/A","#N/A","#N/A","#N/A","#N/A","#N/A","#N/A","#N/A",vc_test_EDITED,"#N/A","#N/A","#N/A",false,false,"#N/A",Never,"#N/A",false,true,"#N/A",Contract Based,Same,No,"#N/A","#N/A","#N/A","#N/A","#N/A","#N/A","#N/A","#N/A","#N/A","#N/A","#N/A","#N/A","#N/A","#N/A","#N/A","#N/A",false,false,"#N/A","#N/A","#N/A","#N/A","#N/A","#N/A","#N/A","#N/A","#N/A","#N/A"
b230486a-d913-4393-bac1-49ea2eceebe2,"#N/A","#N/A","#N/A","#N/A","#N/A","#N/A","#N/A","#N/A","#N/A","#N/A","#N/A","#N/A","#N/A","#N/A",TA 100,"#N/A","#N/A","#N/A",false,false,"#N/A",Never,"#N/A",false,true,"#N/A","#N/A",Same,No,"#N/A","#N/A","#N/A","#N/A","#N/A","#N/A","#N/A","#N/A","#N/A","#N/A","#N/A","#N/A","#N/A","#N/A","#N/A","#N/A",false,false,"#N/A","#N/A","#N/A","#N/A","#N/A","#N/A","#N/A","#N/A","#N/A","#N/A"
b8f0047b-34a0-4b93-b10a-ccb1e23dfb87,"#N/A","#N/A","#N/A","#N/A","#N/A","#N/A","#N/A","#N/A","#N/A","#N/A","#N/A","#N/A","#N/A","#N/A",Asnaf Scratch Org test VC,"#N/A","#N/A","#N/A",false,false,"#N/A",Never,"#N/A",false,true,"#N/A",Contract Based,Same,No,"#N/A","#N/A","#N/A","#N/A","#N/A","#N/A","#N/A","#N/A","#N/A","#N/A","#N/A","#N/A","#N/A","#N/A","#N/A","#N/A",false,false,"#N/A","#N/A","#N/A","#N/A","#N/A","#N/A","#N/A","#N/A","#N/A","#N/A"
c0781cc9-5086-4485-a071-023c149bf167,"#N/A","#N/A","#N/A","#N/A","#N/A","#N/A","#N/A","#N/A","#N/A","#N/A","#N/A","#N/A","#N/A","#N/A",TA 12,"#N/A","#N/A","#N/A",false,false,"#N/A",Never,"#N/A",false,true,"#N/A","#N/A",Same,No,"#N/A","#N/A","#N/A","#N/A","#N/A","#N/A","#N/A","#N/A","#N/A","#N/A","#N/A","#N/A","#N/A","#N/A","#N/A","#N/A",false,false,"#N/A","#N/A","#N/A","#N/A","#N/A","#N/A","#N/A","#N/A","#N/A","#N/A"
c3416fcf-c1d2-40a1-953e-89f60ccb88a0,"#N/A","#N/A","#N/A","#N/A","#N/A","#N/A","#N/A","#N/A","#N/A","#N/A","#N/A","#N/A",Banking,"#N/A",Account_rEkin,580,"#N/A",2357927136,false,false,"#N/A",Never,"#N/A",false,true,"#N/A",Contract Based,Same,No,"#N/A","#N/A","#N/A","#N/A","#N/A","#N/A","#N/A","#N/A","#N/A","#N/A",xfuhy.salesforce.com,"#N/A","#N/A","#N/A","#N/A","#N/A",false,false,"#N/A","#N/A","#N/A","#N/A","#N/A","#N/A","#N/A","#N/A","#N/A","#N/A"
c673fa99-6214-45cb-a719-6a01db4dfa89,"#N/A","#N/A","#N/A","#N/A","#N/A","#N/A","#N/A","#N/A","#N/A","#N/A","#N/A","#N/A","#N/A","#N/A",TA 1,"#N/A","#N/A","#N/A",false,false,"#N/A",Never,"#N/A",false,true,"#N/A","#N/A",Same,No,"#N/A","#N/A","#N/A","#N/A","#N/A","#N/A","#N/A","#N/A","#N/A","#N/A","#N/A","#N/A","#N/A","#N/A","#N/A","#N/A",false,false,"#N/A","#N/A","#N/A","#N/A","#N/A","#N/A","#N/A","#N/A","#N/A","#N/A"
ce5c978c-2aea-485f-8990-85806eb0ff24,"#N/A","#N/A","#N/A","#N/A","#N/A","#N/A","#N/A","#N/A",UK,"Kings Park, 17th Avenue, Team Valley Trading Estate,
Gateshead, Tyne and Wear NE26 3HS
United Kingdom","#N/A",+44 191 4956620,Energy,"#N/A","United Oil & Gas, UK",24000,"#N/A",+44 191 4956203,false,false,"#N/A",Never,"#N/A",false,true,"#N/A",Contract Based,Same,No,"#N/A","#N/A","#N/A","#N/A","#N/A","#N/A","#N/A","Kings Park, 17th Avenue, Team Valley Trading Estate,
Gateshead, Tyne and Wear NE26 3HS
United Kingdom","#N/A",Customer - Direct,http://www.uos.com,"#N/A","#N/A","#N/A","#N/A","#N/A",false,false,"#N/A","#N/A","#N/A","#N/A","#N/A","#N/A","#N/A","#N/A","#N/A","#N/A"
cf9622b6-518f-4b31-96c9-400f6afee520,"#N/A","#N/A",Tucson,"#N/A","#N/A","#N/A","#N/A","#N/A",AZ,"888 N Euclid 
Hallis Center, Room 501
Tucson, AZ 85721
United States","Leading university in AZ offering undergraduate and graduate programs in arts and humanities, pure sciences, engineering, business, and medicine.",(520) 773-9060,Education,"#N/A",University of Arizona,39000,"#N/A",(520) 773-9050,false,false,"#N/A",Never,"#N/A",false,true,"#N/A",Contract Based,Same,No,"#N/A","#N/A","#N/A","#N/A","#N/A","#N/A","#N/A","888 N Euclid 
Hallis Center, Room 501
Tucson, AZ 85721
United States","#N/A",Customer - Direct,www.universityofarizona.com,"#N/A","#N/A","#N/A","#N/A","#N/A",false,false,"#N/A","#N/A","#N/A","#N/A","#N/A","#N/A","#N/A","#N/A","#N/A","#N/A"
d20a4c13-d14b-4651-ac74-88fded3c97b3,"#N/A","#N/A","#N/A","#N/A","#N/A","#N/A","#N/A","#N/A","#N/A","#N/A","#N/A","#N/A","#N/A","#N/A",TA 5,"#N/A","#N/A","#N/A",false,false,"#N/A",Never,"#N/A",false,true,"#N/A","#N/A",Same,No,"#N/A","#N/A","#N/A","#N/A","#N/A","#N/A","#N/A","#N/A","#N/A","#N/A","#N/A","#N/A","#N/A","#N/A","#N/A","#N/A",false,false,"#N/A","#N/A","#N/A","#N/A","#N/A","#N/A","#N/A","#N/A","#N/A","#N/A"
d24085a0-c856-47b8-b3d3-0110157c7050,"#N/A","#N/A","#N/A","#N/A","#N/A","#N/A","#N/A","#N/A","#N/A","#N/A","#N/A","#N/A","#N/A","#N/A",TA 100,"#N/A","#N/A","#N/A",false,false,"#N/A",Never,"#N/A",false,true,"#N/A","#N/A",Same,No,"#N/A","#N/A","#N/A","#N/A","#N/A","#N/A","#N/A","#N/A","#N/A","#N/A","#N/A","#N/A","#N/A","#N/A","#N/A","#N/A",false,false,"#N/A","#N/A","#N/A","#N/A","#N/A","#N/A","#N/A","#N/A","#N/A","#N/A"
d5aed0ac-aeb4-4f65-afd8-b392c3576665,"#N/A","#N/A","#N/A","#N/A","#N/A","#N/A","#N/A","#N/A","#N/A","#N/A","#N/A","#N/A","#N/A","#N/A",TA 0,"#N/A","#N/A","#N/A",false,false,"#N/A",Never,"#N/A",false,true,"#N/A","#N/A",Same,No,"#N/A","#N/A","#N/A","#N/A","#N/A","#N/A","#N/A","#N/A","#N/A","#N/A","#N/A","#N/A","#N/A","#N/A","#N/A","#N/A",false,false,"#N/A","#N/A","#N/A","#N/A","#N/A","#N/A","#N/A","#N/A","#N/A","#N/A"
d8aa7acd-2ec1-4a2c-80b4-c4c4b45ab902,"#N/A","#N/A","#N/A","#N/A","#N/A","#N/A","#N/A","#N/A","#N/A","#N/A",The finest coconut milk in the seven seas.,"#N/A","#N/A","#N/A",Blackbeards Coconut Milk Emporium,"#N/A","#N/A","#N/A",false,false,"#N/A",Never,"#N/A",false,true,"#N/A","#N/A",Same,No,"#N/A","#N/A","#N/A","#N/A","#N/A","#N/A","#N/A","#N/A","#N/A","#N/A","#N/A","#N/A","#N/A","#N/A","#N/A","#N/A",false,false,"#N/A","#N/A","#N/A","#N/A","#N/A","#N/A","#N/A","#N/A","#N/A","#N/A"
d9dbd6e6-f8fa-4e3c-ad3d-659a4e30b9d4,"#N/A","#N/A","#N/A","#N/A","#N/A","#N/A","#N/A","#N/A","#N/A","#N/A","#N/A","#N/A",Banking,"#N/A",Account_SdkXL,594,"#N/A",4876716269,false,false,"#N/A",Never,"#N/A",false,true,"#N/A",Contract Based,Same,No,"#N/A","#N/A","#N/A","#N/A","#N/A","#N/A","#N/A","#N/A","#N/A","#N/A",npssl.salesforce.com,"#N/A","#N/A","#N/A","#N/A","#N/A",false,false,"#N/A","#N/A","#N/A","#N/A","#N/A","#N/A","#N/A","#N/A","#N/A","#N/A"
df157db8-1ff9-4fbc-90e3-44283a9ab962,"#N/A","#N/A","#N/A","#N/A","#N/A","#N/A","#N/A","#N/A","#N/A","#N/A","#N/A","#N/A","#N/A","#N/A",TA 100,"#N/A","#N/A","#N/A",false,false,"#N/A",Never,"#N/A",false,true,"#N/A","#N/A",Same,No,"#N/A","#N/A","#N/A","#N/A","#N/A","#N/A","#N/A","#N/A","#N/A","#N/A","#N/A","#N/A","#N/A","#N/A","#N/A","#N/A",false,false,"#N/A","#N/A","#N/A","#N/A","#N/A","#N/A","#N/A","#N/A","#N/A","#N/A"
e17a724e-057d-4077-9ba2-0ac9d547be2a,"#N/A","#N/A","#N/A","#N/A","#N/A","#N/A","#N/A","#N/A","#N/A","#N/A","#N/A","#N/A",Banking,"#N/A",Account_QFxFJ,239,"#N/A",3485654509,false,false,"#N/A",Never,"#N/A",false,true,"#N/A",Contract Based,Same,No,"#N/A","#N/A","#N/A","#N/A","#N/A","#N/A","#N/A","#N/A","#N/A","#N/A",aelix.salesforce.com,"#N/A","#N/A","#N/A","#N/A","#N/A",false,false,"#N/A","#N/A","#N/A","#N/A","#N/A","#N/A","#N/A","#N/A","#N/A","#N/A"
e2dce0cc-ffce-477f-a28f-ad6293927622,"#N/A","#N/A","#N/A","#N/A","#N/A","#N/A","#N/A","#N/A","#N/A","#N/A","#N/A","#N/A","#N/A","#N/A",TA 100,"#N/A","#N/A","#N/A",false,false,"#N/A",Never,"#N/A",false,true,"#N/A","#N/A",Same,No,"#N/A","#N/A","#N/A","#N/A","#N/A","#N/A","#N/A","#N/A","#N/A","#N/A","#N/A","#N/A","#N/A","#N/A","#N/A","#N/A",false,false,"#N/A","#N/A","#N/A","#N/A","#N/A","#N/A","#N/A","#N/A","#N/A","#N/A"
e2e9e3c1-af2a-4a7c-9328-f7105326c362,"#N/A","#N/A","#N/A","#N/A","#N/A","#N/A","#N/A","#N/A","#N/A","#N/A","#N/A","#N/A",Banking,"#N/A",Account_Vuccd,70,"#N/A",3228256945,false,false,"#N/A",Never,"#N/A",false,true,"#N/A",Contract Based,Same,No,"#N/A","#N/A","#N/A","#N/A","#N/A","#N/A","#N/A","#N/A","#N/A","#N/A",bouhm.salesforce.com,"#N/A","#N/A","#N/A","#N/A","#N/A",false,false,"#N/A","#N/A","#N/A","#N/A","#N/A","#N/A","#N/A","#N/A","#N/A","#N/A"
eb8c8d4a-51af-413c-8ee7-c365ac35aa14,"#N/A","#N/A","#N/A","#N/A","#N/A","#N/A","#N/A","#N/A","#N/A","#N/A","#N/A","#N/A","#N/A","#N/A",TA 0,"#N/A","#N/A","#N/A",false,false,"#N/A",Never,"#N/A",false,true,"#N/A","#N/A",Same,No,"#N/A","#N/A","#N/A","#N/A","#N/A","#N/A","#N/A","#N/A","#N/A","#N/A","#N/A","#N/A","#N/A","#N/A","#N/A","#N/A",false,false,"#N/A","#N/A","#N/A","#N/A","#N/A","#N/A","#N/A","#N/A","#N/A","#N/A"
ebc9798d-5092-4d59-9c6a-1a703e5417d2,"#N/A","#N/A","#N/A","#N/A","#N/A","#N/A","#N/A","#N/A","#N/A","#N/A","#N/A","#N/A","#N/A","#N/A",TA 17,"#N/A","#N/A","#N/A",false,false,"#N/A",Never,"#N/A",false,true,"#N/A","#N/A",Same,No,"#N/A","#N/A","#N/A","#N/A","#N/A","#N/A","#N/A","#N/A","#N/A","#N/A","#N/A","#N/A","#N/A","#N/A","#N/A","#N/A",false,false,"#N/A","#N/A","#N/A","#N/A","#N/A","#N/A","#N/A","#N/A","#N/A","#N/A"
ececab3d-c568-4f20-ae82-c512c38eba16,"#N/A","#N/A","#N/A","#N/A","#N/A","#N/A","#N/A","#N/A","#N/A","#N/A","#N/A","#N/A","#N/A","#N/A",TA 9,"#N/A","#N/A","#N/A",false,false,"#N/A",Never,"#N/A",false,true,"#N/A","#N/A",Same,No,"#N/A","#N/A","#N/A","#N/A","#N/A","#N/A","#N/A","#N/A","#N/A","#N/A","#N/A","#N/A","#N/A","#N/A","#N/A","#N/A",false,false,"#N/A","#N/A","#N/A","#N/A","#N/A","#N/A","#N/A","#N/A","#N/A","#N/A"
f0751d91-f750-460a-864f-ff05a4140325,"#N/A","#N/A","#N/A","#N/A","#N/A","#N/A","#N/A","#N/A","#N/A","#N/A","#N/A","#N/A","#N/A","#N/A",TA 11,"#N/A","#N/A","#N/A",false,false,"#N/A",Never,"#N/A",false,true,"#N/A","#N/A",Same,No,"#N/A","#N/A","#N/A","#N/A","#N/A","#N/A","#N/A","#N/A","#N/A","#N/A","#N/A","#N/A","#N/A","#N/A","#N/A","#N/A",false,false,"#N/A","#N/A","#N/A","#N/A","#N/A","#N/A","#N/A","#N/A","#N/A","#N/A"
f4532bb9-13a6-41f5-af2b-ea8287f73841,"#N/A","#N/A","#N/A","#N/A","#N/A","#N/A","#N/A","#N/A","#N/A","#N/A","#N/A","#N/A","#N/A","#N/A",TA 2,"#N/A","#N/A","#N/A",false,false,"#N/A",Never,"#N/A",false,true,"#N/A","#N/A",Same,No,"#N/A","#N/A","#N/A","#N/A","#N/A","#N/A","#N/A","#N/A","#N/A","#N/A","#N/A","#N/A","#N/A","#N/A","#N/A","#N/A",false,false,"#N/A","#N/A",test,"#N/A","#N/A","#N/A","#N/A","#N/A","#N/A","#N/A"
f485605f-5407-4476-bc10-4a5035d2c13a,"#N/A","#N/A","#N/A","#N/A","#N/A","#N/A","#N/A","#N/A","#N/A","#N/A","#N/A","#N/A","#N/A","#N/A",TA 10,"#N/A","#N/A","#N/A",false,false,"#N/A",Never,"#N/A",false,true,"#N/A","#N/A",Same,No,"#N/A","#N/A","#N/A","#N/A","#N/A","#N/A","#N/A","#N/A","#N/A","#N/A","#N/A","#N/A","#N/A","#N/A","#N/A","#N/A",false,false,"#N/A","#N/A","#N/A","#N/A","#N/A","#N/A","#N/A","#N/A","#N/A","#N/A"
f6080e94-aecc-413f-b769-2737267be882,"#N/A",1.0E8,New York,USA,"#N/A","#N/A","#N/A",31349,NY,10 Main Rd.,"#N/A",(212) 555-5555,Manufacturing,"#N/A",Acme,680,"#N/A",(212) 555-5555,false,false,"#N/A","#N/A","#N/A",false,true,"#N/A",Contract Based,"#N/A","#N/A",New York,USA,"#N/A","#N/A","#N/A",31349,NY,10 Main Rd.,"#N/A",Prospect,"#N/A","#N/A","#N/A","#N/A","#N/A","#N/A",false,false,"#N/A","#N/A","#N/A","#N/A","#N/A","#N/A","#N/A","#N/A","#N/A","#N/A"
f97631e4-b4a7-419b-9fdd-0203dfb9d885,"#N/A","#N/A","#N/A","#N/A","#N/A","#N/A","#N/A","#N/A","#N/A","#N/A","#N/A","#N/A","#N/A","#N/A",TA 25,"#N/A","#N/A","#N/A",false,false,"#N/A",Never,"#N/A",false,true,"#N/A","#N/A",Same,No,"#N/A","#N/A","#N/A","#N/A","#N/A","#N/A","#N/A","#N/A","#N/A","#N/A","#N/A","#N/A","#N/A","#N/A","#N/A","#N/A",false,false,"#N/A","#N/A","#N/A","#N/A","#N/A","#N/A","#N/A","#N/A","#N/A","#N/A"
fd2bc892-bbac-4e44-ba10-3472af7de693,"#N/A","#N/A","#N/A","#N/A","#N/A","#N/A","#N/A","#N/A","#N/A","#N/A","#N/A","#N/A","#N/A","#N/A",TA 0,"#N/A","#N/A","#N/A",false,false,"#N/A",Never,"#N/A",false,true,"#N/A","#N/A",Same,No,"#N/A","#N/A","#N/A","#N/A","#N/A","#N/A","#N/A","#N/A","#N/A","#N/A","#N/A","#N/A","#N/A","#N/A","#N/A","#N/A",false,false,"#N/A","#N/A","#N/A","#N/A","#N/A","#N/A","#N/A","#N/A","#N/A","#N/A"
